Time,1,2,3
0.018948793411254883,10,25,30
0.023936748504638672,10,25,30
