Time,1,2,3
0.02546072006225586,10,25,30
0.033437490463256836,10,25,30
0.04739832878112793,34,50,38
5.054579734802246,51,31,35
10.067122220993042,32,53,50
15.079582214355469,45,52,42
20.09280228614807,52,33,31
