Time,1,2,3
0.028921842575073242,10,25,30
0.036900997161865234,10,25,30
0.04886794090270996,37,50,31
5.058801174163818,55,47,36
10.07433819770813,43,51,49
15.088629007339478,37,55,42
20.101064443588257,44,52,47
25.117002964019775,33,42,48
30.130397081375122,41,45,32
35.13982129096985,38,31,51
40.153677225112915,50,34,51
45.169403076171875,50,54,46
50.18645787239075,32,51,35
